Item Title,Publication Title,Book Series Title,Journal Volume,Journal Issue,Item DOI,Authors,Publication Year,URL,Content Type
"Correction","Metallurgical Transactions A","","10","2","10.1007/BF02817638","J. R. C. GuimarãesJ. C. Gomes","1979","http://link.springer.com/article/10.1007/BF02817638","Article"
"Discussion of “schematic transformation diagrams for steel”","Metallurgical Transactions A","","10","4","10.1007/BF02697082","A. K. Cavanagh","1979","http://link.springer.com/article/10.1007/BF02697082","Article"
"Carbide-binder interface ledges in (V, Ti) C+ (Ni, Mo) cermets","Metallurgical Transactions A","","10","11","10.1007/BF02811695","R. K. Viswanadham","1979","http://link.springer.com/article/10.1007/BF02811695","Article"
"Relation of anharmonicity to allotropie transformations in metals","Metallurgical Transactions A","","10","2","10.1007/BF02817626","Bivabasu Chatterjee","1979","http://link.springer.com/article/10.1007/BF02817626","Article"
"Activation energy for the reaction of nickel-carbon melts with alumina","Metallurgical Transactions A","","10","6","10.1007/BF02658398","Balaji V. Patil","1979","http://link.springer.com/article/10.1007/BF02658398","Article"
"{332} Deformation twins in a Ti-15.5 pct V alloy","Metallurgical Transactions A","","10","5","10.1007/BF02658330","M. OkaY. Taniguchi","1979","http://link.springer.com/article/10.1007/BF02658330","Article"
"The relationship between solidification and microstructure in austenitic and austenitic-ferritic stainless steel welds","Metallurgical Transactions A","","10","4","10.1007/BF02697081","N. SuutalaT. TakaloT. Moisio","1979","http://link.springer.com/article/10.1007/BF02697081","Article"
"On the orientation relationships between retained austenite and “lath” martensite","Metallurgical Transactions A","","10","5","10.1007/BF02658328","B. V. Narasimha Rao","1979","http://link.springer.com/article/10.1007/BF02658328","Article"
"The Effect of shot peening on the fatigue behavior of alloy 7075-T6","Metallurgical Transactions A","","10","5","10.1007/BF02658332","Gary S. WasRegis M. Pelloux","1979","http://link.springer.com/article/10.1007/BF02658332","Article"
"Effect of heat treatment temperature on tensile strength and hardness of isostatically compacted aluminum alloy blend","Metallurgical Transactions A","","10","4","10.1007/BF02697079","V. V. HathiC. M. Sliepcevich","1979","http://link.springer.com/article/10.1007/BF02697079","Article"
"Identification of a fracture mode: the tearing topography surface","Metallurgical Transactions A","","10","8","10.1007/BF02811666","Anthony W. ThompsonJames C. Chesnutt","1979","http://link.springer.com/article/10.1007/BF02811666","Article"
"Rheological analysis of high temperature creep of some bccβ phases: Existence of a master-curve","Metallurgical Transactions A","","10","12","10.1007/BF02811741","L. BornierP. DelobelleC. LexcellentA. MermetC. Oytana","1979","http://link.springer.com/article/10.1007/BF02811741","Article"
"Author’s reply","Metallurgical Transactions A","","10","1","10.1007/BF02686420","N. F. Kennon","1979","http://link.springer.com/article/10.1007/BF02686420","Article"
"On the deformation behavior of dual-phase steels","Metallurgical Transactions A","","10","2","10.1007/BF02817636","Luis F. RamosDavid K. MatlockGeorge Krauss","1979","http://link.springer.com/article/10.1007/BF02817636","Article"
"Energy absorption by structural collapse in dual phase steel tubes","Metallurgical Transactions A","","10","8","10.1007/BF02811668","P. H. Thornton","1979","http://link.springer.com/article/10.1007/BF02811668","Article"
"Stereological characterization of plates and platelet growth","Metallurgical Transactions A","","10","12","10.1007/BF02811743","R. T. DeHoff","1979","http://link.springer.com/article/10.1007/BF02811743","Article"
"Correlation of phase stability ofγ′ andγ″ precipitates with electron/ atom ratio in a Cu−Ni−Nbt−Al alloy","Metallurgical Transactions A","","10","9","10.1007/BF02811996","M. Raghavan","1979","http://link.springer.com/article/10.1007/BF02811996","Article"
"Influence of undercooling upon relative nucleation kinetics of proeutectoid ferrite at austenite grain faces and grain edges","Metallurgical Transactions A","","10","12","10.1007/BF02811745","W. F. LangeH. I. Aaronson","1979","http://link.springer.com/article/10.1007/BF02811745","Article"
"Thermal gradient crystallization of an amorphous CdGeAs2 alloy","Metallurgical Transactions A","","10","12","10.1007/BF02811747","Subhash H. Risbud","1979","http://link.springer.com/article/10.1007/BF02811747","Article"
"The influence of biaxial prestrain on the tensile properties of three aluminum alloys","Metallurgical Transactions A","","10","11","10.1007/BF02811714","H. SangD. J. Lloyd","1979","http://link.springer.com/article/10.1007/BF02811714","Article"
"Internal sulfidation of iron","Metallurgical Transactions A","","10","12","10.1007/BF02811749","Ross F. BolandOwen F. Devereux","1979","http://link.springer.com/article/10.1007/BF02811749","Article"
"Asymptotic characteristics of anisothermal oxidation","Metallurgical Transactions A","","10","3","10.1007/BF02658348","Alan J. Markworth","1979","http://link.springer.com/article/10.1007/BF02658348","Article"
"Inversion domains and the mechanical properties of Gamma-2 (Cu-Al) intermetallic compound","Metallurgical Transactions A","","10","3","10.1007/BF02658352","G. Torres-VillasenorM. Avalos-BorjaS. V. Radcliffe","1979","http://link.springer.com/article/10.1007/BF02658352","Article"
"Jumps in the creep curve of austenitic stainless steels","Metallurgical Transactions A","","10","11","10.1007/BF02811718","Tito Luiz da SilveiraSergio Neves Monteiro","1979","http://link.springer.com/article/10.1007/BF02811718","Article"
"Fusion zone fracture behavior of weldments in alpha-beta titanium alloys","Metallurgical Transactions A","","10","11","10.1007/BF02811722","W. A. BaeslackD. W. Becker","1979","http://link.springer.com/article/10.1007/BF02811722","Article"
"Palladium sintering: Shrinkage kinetics for a sponge powder","Metallurgical Transactions A","","10","11","10.1007/BF02811690","R. M. GermanV. Ham","1979","http://link.springer.com/article/10.1007/BF02811690","Article"
"On the effect of colony size on fatigue crack growth in Widmanstätten structure α+β titanium alloys","Metallurgical Transactions A","","10","11","10.1007/BF02811724","G. R. YoderD. Eylon","1979","http://link.springer.com/article/10.1007/BF02811724","Article"
"The effect of V/Ti ratio on the partitioning of mo in (V, Ti) + (Ni,Mo) cemented carbides","Metallurgical Transactions A","","10","5","10.1007/BF02658323","R. K. ViswanadhamB. SprisslerW. PrechtJ. D. Venables","1979","http://link.springer.com/article/10.1007/BF02658323","Article"
"A calculation of the equilibrium between γ-mn and the hexagonal ζ-phase in the Mn-N system","Metallurgical Transactions A","","10","4","10.1007/BF02697080","Magnus Jarl","1979","http://link.springer.com/article/10.1007/BF02697080","Article"
"Solidification of a laser melted nickel-base superalloy","Metallurgical Transactions A","","10","5","10.1007/BF02658331","S. L. NarasimhanS. M. CopleyE. W. van StrylandM. Bass","1979","http://link.springer.com/article/10.1007/BF02658331","Article"
"Microstructural aspects of martensite transformation in coarse-grained Fe-31.1 pct Ni-0.02 pct C","Metallurgical Transactions A","","10","1","10.1007/BF02686413","J. R. C. GuimarãesJ. C. Gomes","1979","http://link.springer.com/article/10.1007/BF02686413","Article"
"A study on the effect of stacking fault energy on fatigue crack propagation as deduced from dislocation patterns","Metallurgical Transactions A","","10","4","10.1007/BF02697078","Jobu AwataniKazumune KatagiriKazuo Koyanagi","1979","http://link.springer.com/article/10.1007/BF02697078","Article"
"An apparent anomaly in the superplastic behavior of Ti-6Al-4V","Metallurgical Transactions A","","10","8","10.1007/BF02811665","Rodney R. BoyerJoel E. Magnuson","1979","http://link.springer.com/article/10.1007/BF02811665","Article"
"The application of a photogrammetric technique to the determination of the orientation of stress-corrosion fractures","Metallurgical Transactions A","","10","5","10.1007/BF02658333","J. L. NelsonJ. A. Beavers","1979","http://link.springer.com/article/10.1007/BF02658333","Article"
"Low-temperature mechanical behavior of an “acicular” ferrite HSLA (high strength-low alloy) line pipe steel","Metallurgical Transactions A","","10","12","10.1007/BF02811740","M. R. KrishnadevR. Ghosh","1979","http://link.springer.com/article/10.1007/BF02811740","Article"
"High temperature elastic properties of polycrystalline niobium, tantalum, and vanadium","Metallurgical Transactions A","","10","11","10.1007/BF02811703","R. J. FarraroRex B. McLellan","1979","http://link.springer.com/article/10.1007/BF02811703","Article"
"Fractographic characteristics of a hydrogen-charged AISI 316 type austenitic stainless steel","Metallurgical Transactions A","","10","8","10.1007/BF02811667","Hannu HänninenTero Hakkarainen","1979","http://link.springer.com/article/10.1007/BF02811667","Article"
"Estimation of nucleation rate","Metallurgical Transactions A","","10","12","10.1007/BF02811742","A. M. Gokhale","1979","http://link.springer.com/article/10.1007/BF02811742","Article"
"Short-range order parameters in Ni-25 pct Co from mössbauer data","Metallurgical Transactions A","","10","1","10.1007/BF02686417","Anthony W. Thompson","1979","http://link.springer.com/article/10.1007/BF02686417","Article"
"Alloying element effects in metastable beta titanium alloys","Metallurgical Transactions A","","10","1","10.1007/BF02686421","C. F. YoltonF. H. FroesR. F. Malone","1979","http://link.springer.com/article/10.1007/BF02686421","Article"
"The effect of antimony on sintering of silver in the initial stage","Metallurgical Transactions A","","10","2","10.1007/BF02817637","P. Y. Y. MaakK. T. Aust","1979","http://link.springer.com/article/10.1007/BF02817637","Article"
"On the stress state dependence of the strain-hardening of anisotropic sheet steel","Metallurgical Transactions A","","10","12","10.1007/BF02811744","A. J. Ranta-Eskola","1979","http://link.springer.com/article/10.1007/BF02811744","Article"
"Rapid grain growth of titanium","Metallurgical Transactions A","","10","9","10.1007/BF02811997","Mikio SuganoCharles M. Gilmore","1979","http://link.springer.com/article/10.1007/BF02811997","Article"
"Continuity equation for evolving particle size distributions","Metallurgical Transactions A","","10","12","10.1007/BF02811746","A. M. GokhaleR. T. DeHoff","1979","http://link.springer.com/article/10.1007/BF02811746","Article"
"Determination of phosphorus in gold or silver brazing alloys","Metallurgical Transactions A","","10","11","10.1007/BF02811715","R. J. Antepenko","1979","http://link.springer.com/article/10.1007/BF02811715","Article"
"A High shear technique for liquidus boundary measurements","Metallurgical Transactions A","","10","3","10.1007/BF02658351","J. D. EsdaileN. G. Siviour","1979","http://link.springer.com/article/10.1007/BF02658351","Article"
"Differential scanning calorimetry evaluations of recrystallization behavior in aluminum sheet","Metallurgical Transactions A","","10","8","10.1007/BF02811650","W. H. Hildebrandt","1979","http://link.springer.com/article/10.1007/BF02811650","Article"
"Mechanical properties of rare earth metal treated rail steels","Metallurgical Transactions A","","10","11","10.1007/BF02811721","S. K. KangK. V. Gow","1979","http://link.springer.com/article/10.1007/BF02811721","Article"
"A classification of hydrogen traps in steel","Metallurgical Transactions A","","10","10","10.1007/BF02812023","G. M. Pressouyre","1979","http://link.springer.com/article/10.1007/BF02812023","Article"
"An Empirical relationship for homogenization in single-phase binary alloy systems","Metallurgical Transactions A","","10","3","10.1007/BF02658349","J. UnnamD. R. TenneyB. A. Stein","1979","http://link.springer.com/article/10.1007/BF02658349","Article"
"The substitution of Cu for Ni in NiTi shape memory alloys","Metallurgical Transactions A","","10","3","10.1007/BF02658353","Olivier MercierKeith N. Melton","1979","http://link.springer.com/article/10.1007/BF02658353","Article"
"Fiber/matrix interface porosity formation in tungsten fiber/copper composites on thermal cycling","Metallurgical Transactions A","","10","11","10.1007/BF02811719","S. YodaR. TakahashiK. WakashimaS. Umekawa","1979","http://link.springer.com/article/10.1007/BF02811719","Article"
"The effect of oxidation on hol time fatigue behavior of 2.25 Cr-1 Mo steel","Metallurgical Transactions A","","10","11","10.1007/BF02811723","H. TeranishiA. J. McEvily","1979","http://link.springer.com/article/10.1007/BF02811723","Article"
"A fracture mechanics study of stress corrosion cracking of type-316 austenitic steel","Metallurgical Transactions A","","10","9","10.1007/BF02811978","Alan J. RussellDesmond Tromans","1979","http://link.springer.com/article/10.1007/BF02811978","Article"
"On the formation of the ordered phases CuAu and Cu3Au at a copper/gold planar interface","Metallurgical Transactions A","","10","6","10.1007/BF02658396","M. Robert PinnelJAmes E. Bennett","1979","http://link.springer.com/article/10.1007/BF02658396","Article"
"Fracture and fatigue in M-50 and 18-4-1 high speed steels","Metallurgical Transactions A","","10","9","10.1007/BF02811982","J. A. RescalvoB. L. Averbach","1979","http://link.springer.com/article/10.1007/BF02811982","Article"
"The effect of hold time on the fatigue properties of a β-processed titanium alloy","Metallurgical Transactions A","","10","12","10.1007/BF02811727","W. J. EvansC. R. Gostelow","1979","http://link.springer.com/article/10.1007/BF02811727","Article"
"Fatigue Crack initiation and microcrack growth in 2024-T4 and 2124-T4 aluminum alloys","Metallurgical Transactions A","","10","5","10.1007/BF02658324","C. Y. KungM. E. Fine","1979","http://link.springer.com/article/10.1007/BF02658324","Article"
"An analysis of cavity growth during superplasticity","Metallurgical Transactions A","","10","12","10.1007/BF02811731","David A. MillerTerence G. Langdon","1979","http://link.springer.com/article/10.1007/BF02811731","Article"
"High strength low carbon sheet steel by thermomechanical treatment:II. Microstructure","Metallurgical Transactions A","","10","1","10.1007/BF02686406","Robin StevensonDonald J. BaileyGareth Thomas","1979","http://link.springer.com/article/10.1007/BF02686406","Article"
"Cyclic stressing of gas nitrocarburized low carbon steel","Metallurgical Transactions A","","10","1","10.1007/BF02686410","T. BellD. H. Thomas","1979","http://link.springer.com/article/10.1007/BF02686410","Article"
"Formation characteristics of the α/β interface phase in Ti-6Ai-4v","Metallurgical Transactions A","","10","2","10.1007/BF02817630","C. G. RhodesN. E. Paton","1979","http://link.springer.com/article/10.1007/BF02817630","Article"
"Microstructural effects on fatigue crack growth in a low carbon steel","Metallurgical Transactions A","","10","4","10.1007/BF02697075","H. SuzukiA. J. Mcevily","1979","http://link.springer.com/article/10.1007/BF02697075","Article"
"Kinetics of the pearlite reaction in Fe−C−Cr","Metallurgical Transactions A","","10","8","10.1007/BF02811658","R. C. SharmaG. R. PurdyJ. S. Kirkaldy","1979","http://link.springer.com/article/10.1007/BF02811658","Article"
"The effect of dynamic annealing on dynamic strain aging phenomena in commercial purity titanium","Metallurgical Transactions A","","10","8","10.1007/BF02811662","J. R. DonosoP. G. WatsonR. E. Reed-Hill","1979","http://link.springer.com/article/10.1007/BF02811662","Article"
"Effect of strain rate on the fracture behavior at 1366 K of the bcc iron base oxide dispersion strengthened alloy MA 956","Metallurgical Transactions A","","10","9","10.1007/BF02811984","J. Daniel Whittenberger","1979","http://link.springer.com/article/10.1007/BF02811984","Article"
"Effect of segregated sulfur on the stress corrosion susceptibility of nickel","Metallurgical Transactions A","","10","12","10.1007/BF02811729","H. ChaungJ. B. LumsdenR. W. Staehle","1979","http://link.springer.com/article/10.1007/BF02811729","Article"
"Simultaneous sulfidation-oxidation of nickel at 603°C in SO2-O2-SO3 atmospheres","Metallurgical Transactions A","","10","5","10.1007/BF02658326","K. L. LuthraW. L. Worrell","1979","http://link.springer.com/article/10.1007/BF02658326","Article"
"The role of dislocation substructures in fatigue crack propagation in copper and alpha brass","Metallurgical Transactions A","","10","12","10.1007/BF02811733","Hitoshi IshiiKazuhiko Yukawa","1979","http://link.springer.com/article/10.1007/BF02811733","Article"
"Tempered martensite embrittlement in SAE 4340 steel","Metallurgical Transactions A","","10","11","10.1007/BF02811697","James P. MaterkowskiGeorge Krauss","1979","http://link.springer.com/article/10.1007/BF02811697","Article"
"Permeation and diffusion of hydrogen and deuterium in 310 stainless steel, 472 K to 779 K","Metallurgical Transactions A","","10","1","10.1007/BF02686408","N. R. QuickH. H. Johnson","1979","http://link.springer.com/article/10.1007/BF02686408","Article"
"Formability of sandwich sheet materials in plane strain compression and rolling","Metallurgical Transactions A","","10","1","10.1007/BF02686412","S. L. SemiatinH. R. Piehler","1979","http://link.springer.com/article/10.1007/BF02686412","Article"
"On the microstructure of rapidly solidified IN-100 powders","Metallurgical Transactions A","","10","2","10.1007/BF02817628","B. H. KearP. R. HolidayA. R. Cox","1979","http://link.springer.com/article/10.1007/BF02817628","Article"
"Cyclic deformation behavior of type 304 stainless steel at elevated temperature","Metallurgical Transactions A","","10","2","10.1007/BF02817632","A. P. L. Turner","1979","http://link.springer.com/article/10.1007/BF02817632","Article"
"Measurement and evaluation of hydrogen trapping in thoria dispersed nickel","Metallurgical Transactions A","","10","4","10.1007/BF02697077","Wayne M. Robertson","1979","http://link.springer.com/article/10.1007/BF02697077","Article"
"Dislocation transport and hydrogen embrittlement","Metallurgical Transactions A","","10","11","10.1007/BF02811700","Anton J. WestMacIntyre R. Louthan","1979","http://link.springer.com/article/10.1007/BF02811700","Article"
"Single-phase ferritic solidification mode in austenitic-ferritic stainless steel welds","Metallurgical Transactions A","","10","8","10.1007/BF02811664","N. SuutalaT. TakaloT. Moisio","1979","http://link.springer.com/article/10.1007/BF02811664","Article"
"High cycle fatigue of tantalum carbide reinforced nickel base eutectics at room temperature","Metallurgical Transactions A","","10","9","10.1007/BF02811986","D. E. GrahamD. A. Woodford","1979","http://link.springer.com/article/10.1007/BF02811986","Article"
"Deformation and fracture of α-β brass two-phase bicrystals at 150 K","Metallurgical Transactions A","","10","9","10.1007/BF02811990","Nabil Fat-HallaTakayuki TakasugiOsamu Izumi","1979","http://link.springer.com/article/10.1007/BF02811990","Article"
"Phase equilibria in the iron-molybdenum-1 Pct carbon system between 1143 and 1253 K","Metallurgical Transactions A","","10","12","10.1007/BF02811735","L. Richard WoodyattGeorge Krauss","1979","http://link.springer.com/article/10.1007/BF02811735","Article"
"Effects of substructure on the mechanical properties of Fe-Ni-Co-C alloys","Metallurgical Transactions A","","10","11","10.1007/BF02811699","M. RaghavanG. Thomas","1979","http://link.springer.com/article/10.1007/BF02811699","Article"
"Recovery of ni and ni- co single crystals after varying amounts of cold work","Metallurgical Transactions A","","10","7","10.1007/BF02658296","G. Van DrunenS. Saimoto","1979","http://link.springer.com/article/10.1007/BF02658296","Article"
"Influence of silicon and phosphorous on the mechanical properties of both ferrite and dual-phase steels","Metallurgical Transactions A","","10","1","10.1007/BF02686414","R. G. Davies","1979","http://link.springer.com/article/10.1007/BF02686414","Article"
"Microstructural influences on superplasticity in Ti-6AI-4V","Metallurgical Transactions A","","10","2","10.1007/BF02817634","N. E. PatonC. H. Hamilton","1979","http://link.springer.com/article/10.1007/BF02817634","Article"
"Influence of sulfur content on the hydrogen-induced fracture in linepipe steels","Metallurgical Transactions A","","10","11","10.1007/BF02811702","Makio Hno","1979","http://link.springer.com/article/10.1007/BF02811702","Article"
"Multiphase Diffusion in Fe−Ni−Al System at 1000°C: I. Diffusion structures and diffusion paths","Metallurgical Transactions A","","10","10","10.1007/BF02812004","G. H. ChengM. A. Dayananda","1979","http://link.springer.com/article/10.1007/BF02812004","Article"
"The orientation and temperature dependence of the yield stress of Ni3 (Al, Nb) single crystals","Metallurgical Transactions A","","10","9","10.1007/BF02811988","C. LallS. ChinD. P. Pope","1979","http://link.springer.com/article/10.1007/BF02811988","Article"
"Determination of self diffusion coefficients using the radial distribution function","Metallurgical Transactions A","","10","9","10.1007/BF02811992","Anthony L. HinesHugh A. Walls","1979","http://link.springer.com/article/10.1007/BF02811992","Article"
"Properties and microstructure of aluminum-copper-magnesium-lithium alloys","Metallurgical Transactions A","","10","12","10.1007/BF02811737","Donald Webster","1979","http://link.springer.com/article/10.1007/BF02811737","Article"
"Steel variability effects on low cycle fatigue behavior of a single grade of high strength low alloy steel","Metallurgical Transactions A","","10","3","10.1007/BF02658334","Dibyajyoti Aichbhaumk","1979","http://link.springer.com/article/10.1007/BF02658334","Article"
"The effect of small amounts of ag, se, and sn on the recrystallization of copper","Metallurgical Transactions A","","10","7","10.1007/BF02658298","Charles H. PittPaul L. TaylerDale L. Van Wagoner","1979","http://link.springer.com/article/10.1007/BF02658298","Article"
"Phosphorus induced 350°C embrittlement in an ultra high strength steel","Metallurgical Transactions A","","10","1","10.1007/BF02686416","C. L. BriantS. K. Banerji","1979","http://link.springer.com/article/10.1007/BF02686416","Article"
"Pearlite growth kinetics and partitioning in a Cr−Mn eutectoid steel","Metallurgical Transactions A","","10","11","10.1007/BF02811704","S. A. Al-SalmanG. W. LorimerN. Ridley","1979","http://link.springer.com/article/10.1007/BF02811704","Article"
"Interaction between recrystallization and precipitation during the high temperature deformation of HSLA steels","Metallurgical Transactions A","","10","7","10.1007/BF02658301","I. WeissJ. J. Jonas","1979","http://link.springer.com/article/10.1007/BF02658301","Article"
"The role of thermal stabilization in martensite transformations","Metallurgical Transactions A","","10","10","10.1007/BF02812006","P. J. FisherD. J. H. Corderoy","1979","http://link.springer.com/article/10.1007/BF02812006","Article"
"The effect of heat treatment on the fatigue and corrosion fatigue behavior of a CuNiCr alloy","Metallurgical Transactions A","","10","10","10.1007/BF02812010","H. N. HahnD. J. Duquette","1979","http://link.springer.com/article/10.1007/BF02812010","Article"
"Precipitation-strengthened austenitic Fe−Mn−Ti alloys","Metallurgical Transactions A","","10","9","10.1007/BF02811994","K. M. ChangJ. W. Morris","1979","http://link.springer.com/article/10.1007/BF02811994","Article"
"Phase equilibria for iron-rich Fe−Cu−C alloys: 1500 to 950°C","Metallurgical Transactions A","","10","12","10.1007/BF02811739","Krishna ParameswaranKenneth MetzArthur Morris","1979","http://link.springer.com/article/10.1007/BF02811739","Article"
"Interfacial embrittlement in liquid-phase sintered tungsten heavy alloys","Metallurgical Transactions A","","10","3","10.1007/BF02658336","D. V. EdmondsP. N. Jones","1979","http://link.springer.com/article/10.1007/BF02658336","Article"
"Corrosion behavior of sodium-exposed stainless steels in chloride-containing aqueous solutions","Metallurgical Transactions A","","10","3","10.1007/BF02658340","P. C. S. WuB. R. GrundyR. L. Miller","1979","http://link.springer.com/article/10.1007/BF02658340","Article"
"Grain boundary segregation of sulfur and nitrogen in sintered molybdenum","Metallurgical Transactions A","","10","1","10.1007/BF02686418","Steven M. TuominenStephen P. Clough","1979","http://link.springer.com/article/10.1007/BF02686418","Article"
"The growth of grain boundary cavities under applied stress and internal pressure","Metallurgical Transactions A","","10","11","10.1007/BF02811706","James F. MancusoChe-Yu Li","1979","http://link.springer.com/article/10.1007/BF02811706","Article"
"Alloying aluminum with magnesium for ductility at warm temperatures (25 to 250°C)","Metallurgical Transactions A","","10","7","10.1007/BF02658303","Robert A. Ayres","1979","http://link.springer.com/article/10.1007/BF02658303","Article"
"Effects of environment on high-temperature fatigue crack growth in a superalloy","Metallurgical Transactions A","","10","11","10.1007/BF02811710","S. FloreenR. H. Kane","1979","http://link.springer.com/article/10.1007/BF02811710","Article"
"Thermodynamic parameters of liquid gold-aluminum alloys","Metallurgical Transactions A","","10","10","10.1007/BF02812008","L. ErdélyiJ. TomiskaA. NeckelG. RoseE. S. RamakrishnanD. J. Fabian","1979","http://link.springer.com/article/10.1007/BF02812008","Article"
"Kinetics of the displacement reaction between Fe and Cu2O at temperatures between 800 and 1050°C","Metallurgical Transactions A","","10","10","10.1007/BF02812012","Gregory J. YurekRobert A. RappJohn P. Hirth","1979","http://link.springer.com/article/10.1007/BF02812012","Article"
"The effect of strain rate and depressed temperature on the low cycle deformation behavior of alpha iron","Metallurgical Transactions A","","10","3","10.1007/BF02658338","H. F. Wach0bH. H. Johnson","1979","http://link.springer.com/article/10.1007/BF02658338","Article"
"Directional solidification of aluminum-nickel eutectic alloys using electroslag remelting","Metallurgical Transactions A","","10","3","10.1007/BF02658342","P. K. RohatgiA. K. BhutaniK. P. Abraham","1979","http://link.springer.com/article/10.1007/BF02658342","Article"
"Tempered martensite embrittlement in phosphorus doped steels","Metallurgical Transactions A","","10","11","10.1007/BF02811708","C. L. BriantS. K. Banerji","1979","http://link.springer.com/article/10.1007/BF02811708","Article"
"The influence of the lath morphology on the yield stress and transition temperature of martensitic- bainitic steels","Metallurgical Transactions A","","10","7","10.1007/BF02658305","J. P. Naylor","1979","http://link.springer.com/article/10.1007/BF02658305","Article"
"The role of microstructure in hydrogen-assisted fracture of 7075 aluminum","Metallurgical Transactions A","","10","11","10.1007/BF02811712","J. AlbrechtA. W. ThompsonI. M. Bernstein","1979","http://link.springer.com/article/10.1007/BF02811712","Article"
"The interface phase in Al−Mg/Al2O3 composites","Metallurgical Transactions A","","10","10","10.1007/BF02812014","A. MunitzM. MetzgerR. Mehrabian","1979","http://link.springer.com/article/10.1007/BF02812014","Article"
"The effect of cryogenic cooling on the tensile properties of metal-matrix composites","Metallurgical Transactions A","","10","3","10.1007/BF02658344","John GaydaL. J. Ebert","1979","http://link.springer.com/article/10.1007/BF02658344","Article"
"Combined reactions","Metallurgical Transactions A","","10","8","10.1007/BF02811643","Erhard Hornbogen","1979","http://link.springer.com/article/10.1007/BF02811643","Article"
"Laser melting and heat treatment of m2 tool steel: A microstructural characterization","Metallurgical Transactions A","","10","7","10.1007/BF02658307","Young-Won KimP. R. StruttH. Nowotny","1979","http://link.springer.com/article/10.1007/BF02658307","Article"
"The kinetics of transformation in Zn-Ai superplastic alloys","Metallurgical Transactions A","","10","7","10.1007/BF02658311","Fu-Wen LingDavid E. Laughlin","1979","http://link.springer.com/article/10.1007/BF02658311","Article"
"The kinetics of atomic diffusion to stacking faults and the related special problems in cold-worked alpha brasses","Metallurgical Transactions A","","10","10","10.1007/BF02812016","Tarik Ömer Oĝurtani","1979","http://link.springer.com/article/10.1007/BF02812016","Article"
"Short-range order effects on the tensile behavior of a nickel-base alloy","Metallurgical Transactions A","","10","10","10.1007/BF02812020","R. L. KluehJ. F. King","1979","http://link.springer.com/article/10.1007/BF02812020","Article"
"Age Hardening of α- βTi-6AI-2Sn-4Zr-6Mo","Metallurgical Transactions A","","10","3","10.1007/BF02658346","Morris YoungErnest le VineD. Harold Margolin","1979","http://link.springer.com/article/10.1007/BF02658346","Article"
"Determination of small amounts of austenite and carbide in hardened medium carbon steels by Mössbauer spectroscopy","Metallurgical Transactions A","","10","3","10.1007/BF02658350","D. L. WilliamsonR. G. SchupmannJ. P. MaterkowskiG. Krauss","1979","http://link.springer.com/article/10.1007/BF02658350","Article"
"Control of grain size and sub-structure in plain carbon and high strength low alloy (HSLA) steels—the problem and the prospect","Metallurgical Transactions A","","10","8","10.1007/BF02811645","A. GaliboisM. R. KrishnadevA. Dubé","1979","http://link.springer.com/article/10.1007/BF02811645","Article"
"The bainite transformation in a silicon steel","Metallurgical Transactions A","","10","7","10.1007/BF02658309","H. K. D. H. BhadeshiaD. V. Edmonds","1979","http://link.springer.com/article/10.1007/BF02658309","Article"
"Oxide inclusions and tool wear in machining","Metallurgical Transactions A","","10","11","10.1007/BF02811716","Gloria M. FaulringS. Ramalingam","1979","http://link.springer.com/article/10.1007/BF02811716","Article"
"The influence of austenite stability on the hydrogen embrittlement and stress- corrosion cracking of stainless steel","Metallurgical Transactions A","","10","7","10.1007/BF02658313","D. EliezerD. G. ChakrapaniC. J. AltstetterE. N. Pugh","1979","http://link.springer.com/article/10.1007/BF02658313","Article"
"Decarburization of 4340 steel by gaseous atomic hydrogen","Metallurgical Transactions A","","10","11","10.1007/BF02811720","Gopala KrishnanArthur C. ScottBernard J. WoodDaniel Cubicciotti","1979","http://link.springer.com/article/10.1007/BF02811720","Article"
"The effect of precipitation hardening on dynamic strain aging and jerky flow","Metallurgical Transactions A","","10","10","10.1007/BF02812018","R. A. Mulford","1979","http://link.springer.com/article/10.1007/BF02812018","Article"
"Critical fracture stress and fracture strain models for the prediction of lower and upper shelf toughness in nuclear pressure vessel steels","Metallurgical Transactions A","","10","10","10.1007/BF02812022","R. O. RitchieW. L. ServerR. A. Wullaert","1979","http://link.springer.com/article/10.1007/BF02812022","Article"
"Recrystallization and grain growth in metastable beta III titanium alloy","Metallurgical Transactions A","","10","8","10.1007/BF02811647","B. B. RathR. J. LederichC. F. YoltonF. H. Froes","1979","http://link.springer.com/article/10.1007/BF02811647","Article"
"The effect of Ni on the decomposition of austenite in Fe-Cu alloys","Metallurgical Transactions A","","10","8","10.1007/BF02811651","R. A. RicksP. R. HowellR. W. K. Honeycombe","1979","http://link.springer.com/article/10.1007/BF02811651","Article"
"The dislocation and martensite substructures of a fatigued, polycrystalline, pseudoelastic Cu-AI-Ni alloy","Metallurgical Transactions A","","10","6","10.1007/BF02658387","A. RitterN. Y. C. YangD. P. PopeC. Laird","1979","http://link.springer.com/article/10.1007/BF02658387","Article"
"Mechanical behavior and hardening characteristics of a superplastic Ti-6AI-4V alloy","Metallurgical Transactions A","","10","6","10.1007/BF02658391","A. K. GhoshC. H. Hamilton","1979","http://link.springer.com/article/10.1007/BF02658391","Article"
"Application of the metalhydrogen equilibration for determining thermodynamic properties in the ti-cu system","Metallurgical Transactions A","","10","5","10.1007/BF02658315","M. AritaR. KinakaM. Someno","1979","http://link.springer.com/article/10.1007/BF02658315","Article"
"Electron-optical investigation of hydrogen-induced deformation in nickel single-crystal foils","Metallurgical Transactions A","","10","1","10.1007/BF02686401","R. W. CarpenterG. S. Bauer","1979","http://link.springer.com/article/10.1007/BF02686401","Article"
"Temperature and strain rate sensitivity of the SD effect in saturation cycling","Metallurgical Transactions A","","10","4","10.1007/BF02697066","M. R. JamesA. W. Sleeswyk","1979","http://link.springer.com/article/10.1007/BF02697066","Article"
"Constant modulus alloys for mechanical oscillators","Metallurgical Transactions A","","10","4","10.1007/BF02697070","Wolfgang SchneiderHans Thomas","1979","http://link.springer.com/article/10.1007/BF02697070","Article"
"Recovery and recrystallization in rolled tantalum single crystals","Metallurgical Transactions A","","10","8","10.1007/BF02811649","R. A. VandermeerW. B. Snyder","1979","http://link.springer.com/article/10.1007/BF02811649","Article"
"Active eutectoid decomposition in a near-eutectoid zirconium-copper alloy","Metallurgical Transactions A","","10","8","10.1007/BF02811653","Pradip MukhopadhyaySarath Kumar MenonSrikumar BanerjeeRanga Chari Krishnan","1979","http://link.springer.com/article/10.1007/BF02811653","Article"
"The effect of trace element additions on the grain boundary composition of Ir + 0.3 pct W alloys","Metallurgical Transactions A","","10","6","10.1007/BF02658389","Calvin L. WhiteRobert E. ClausingLee Heatherly","1979","http://link.springer.com/article/10.1007/BF02658389","Article"
"Isothermal transformations in iron-chromium-carbon alloys","Metallurgical Transactions A","","10","9","10.1007/BF02811975","J. V. BeeP. R. HowellR. W. K. Honeycombe","1979","http://link.springer.com/article/10.1007/BF02811975","Article"
"Influence of recrystallization behavior on the mechanical properties of XM-19 stainless steel (22Cr-13Ni-5Mn-2Mo-0.3N)","Metallurgical Transactions A","","10","6","10.1007/BF02658393","J. N. KassW. L. BellM. T. WangJ. Bobick","1979","http://link.springer.com/article/10.1007/BF02658393","Article"
"The improvement of cryogenic mechanical properties of Fe-12 Mn and Fe-8 Mn alloy steels through thermal/mechanical treatments","Metallurgical Transactions A","","10","5","10.1007/BF02658317","S. K. HwangJ. W. Morris","1979","http://link.springer.com/article/10.1007/BF02658317","Article"
"Multicomponent phase diagrams applicable to austenitic stainless steels at 600 and 650°c","Metallurgical Transactions A","","10","5","10.1007/BF02658321","J. ShaoE. S. Machlin","1979","http://link.springer.com/article/10.1007/BF02658321","Article"
"Effect of iron addition on the precipitation behavior of CoNiCr alloys containing Nb","Metallurgical Transactions A","","10","11","10.1007/BF02811688","M. C. ChaturvediD. W. Chung","1979","http://link.springer.com/article/10.1007/BF02811688","Article"
"Investigation into the effect of substituting Mo by W on the behavior, during aging, of the maraging type ternary alloys","Metallurgical Transactions A","","10","11","10.1007/BF02811692","C. ServantG. MaederP. Lacombe","1979","http://link.springer.com/article/10.1007/BF02811692","Article"
"On stress-relaxation experiments and their significance under strain-aging conditions","Metallurgical Transactions A","","10","1","10.1007/BF02686403","MARC A. MeyersJ. R. C. GuimarÃesR. R. Avillez","1979","http://link.springer.com/article/10.1007/BF02686403","Article"
"Room temperature creep of Ti-6AI-4V","Metallurgical Transactions A","","10","4","10.1007/BF02697068","M. A. ImamC. M. Gilmore","1979","http://link.springer.com/article/10.1007/BF02697068","Article"
"The influence of interparticle spacing on cyclic deformation and fatigue crack propagation in an aluminum-4 Pct copper alloy","Metallurgical Transactions A","","10","4","10.1007/BF02697072","H. Abdel-RaoufT. H. TopperA. Plumtree","1979","http://link.springer.com/article/10.1007/BF02697072","Article"
"The effects of stress, temperature and hydrogen content on hydride-induced crack growth in Zr-2.5 Pct Nb","Metallurgical Transactions A","","10","8","10.1007/BF02811655","L. A. SimpsonM. P. Puls","1979","http://link.springer.com/article/10.1007/BF02811655","Article"
"Free energy of formation of Mo2C and the thermodynamic properties of carbon in solid molybdenum","Metallurgical Transactions A","","10","9","10.1007/BF02811977","L. L. SeigleC. L. ChangT. P. Sharma","1979","http://link.springer.com/article/10.1007/BF02811977","Article"
"Gliding of boundary dislocations on coincidence boundaries","Metallurgical Transactions A","","10","6","10.1007/BF02658395","T. MoriK. Tangri","1979","http://link.springer.com/article/10.1007/BF02658395","Article"
"Deformation characteristics of an Al−6Cu−O. 4Zr superplastic alloy","Metallurgical Transactions A","","10","9","10.1007/BF02811981","R. H. BricknellJ. W. Edington","1979","http://link.springer.com/article/10.1007/BF02811981","Article"
"Metallographic features associated with the penetration of titanium alloy targets","Metallurgical Transactions A","","10","5","10.1007/BF02658319","Raymond L. Woodward","1979","http://link.springer.com/article/10.1007/BF02658319","Article"
"Structure of deformed silicon and implications for low-cost solar cells","Metallurgical Transactions A","","10","12","10.1007/BF02811726","N. MardesichM. H. LeipoldG. B. TurnerT. G. Digges","1979","http://link.springer.com/article/10.1007/BF02811726","Article"
"Low cycle fatigue of René 80 as affected by prior exposure","Metallurgical Transactions A","","10","12","10.1007/BF02811730","Stephen D. AntolovichPaul DomasJ. L. Strudel","1979","http://link.springer.com/article/10.1007/BF02811730","Article"
"Modeling diffusion through nonuniform concentrations of traps","Metallurgical Transactions A","","10","11","10.1007/BF02811694","R. C. FrankC. W. WertH. K. Birnbaum","1979","http://link.springer.com/article/10.1007/BF02811694","Article"
"High strength low carbon sheet steel by thermomechanical treatment: l. Strengthening mechanisms","Metallurgical Transactions A","","10","1","10.1007/BF02686405","Donald J. BaileyRobin Stevenson","1979","http://link.springer.com/article/10.1007/BF02686405","Article"
"Morphology and structure of bainite plates in the β’ phase of an Ag-45 at. pct Cd alloy","Metallurgical Transactions A","","10","2","10.1007/BF02817625","Miodrag M. KosticE. Bruce Hawbolt","1979","http://link.springer.com/article/10.1007/BF02817625","Article"
"Magnetic studies of phase equilibria in Ti-Ai (30 to 57 At. Pct) alloys","Metallurgical Transactions A","","10","4","10.1007/BF02697074","E. W. Collings","1979","http://link.springer.com/article/10.1007/BF02697074","Article"
"Thermodynamics and phase equilibria for the Fe−C−Cr system in the vicinity of the eutectoid temperature","Metallurgical Transactions A","","10","8","10.1007/BF02811657","R. C. SharmaG. R. PurdyJ. S. Kirkaldy","1979","http://link.springer.com/article/10.1007/BF02811657","Article"
"Corrosion fatigue and stress corrosion cracking of type 304 stainless steel in boiling NaOH solution","Metallurgical Transactions A","","10","8","10.1007/BF02811661","Antwi BoatengJames A. BegleyR. W. Staehle","1979","http://link.springer.com/article/10.1007/BF02811661","Article"
"Use of the stereological counting measurements in testing theories of growth rates","Metallurgical Transactions A","","10","9","10.1007/BF02811979","A. M. GokhaleC. V. IswaranR. T. DeHoff","1979","http://link.springer.com/article/10.1007/BF02811979","Article"
"Analysis of accelerated creep under constant sustaining load for austenitic stainless steels","Metallurgical Transactions A","","10","6","10.1007/BF02658397","Tadashi KawasakiMasakazu Horiguchi","1979","http://link.springer.com/article/10.1007/BF02658397","Article"
"The effect of austenitizing temperature upon the microstructure and mechanical properties of experimental Fe/Cr/C steels","Metallurgical Transactions A","","10","9","10.1007/BF02811983","M. F. CarlsonB. V. Narasimha RaoG. Thomas","1979","http://link.springer.com/article/10.1007/BF02811983","Article"
"A thermodynamic analysis of the Fe−C and Fe−N phase diagrams","Metallurgical Transactions A","","10","12","10.1007/BF02811728","John Ågren","1979","http://link.springer.com/article/10.1007/BF02811728","Article"
"Anneal hardening and flow softening in beta zirconiumniobium alloys","Metallurgical Transactions A","","10","5","10.1007/BF02658325","J. J. JonasB. HeritierM. J. Luton","1979","http://link.springer.com/article/10.1007/BF02658325","Article"
"Slip systems in the B2 intermediate phases AgZn, AgMg, and AuMg","Metallurgical Transactions A","","10","12","10.1007/BF02811732","G. S. RevankarR. A. Dodd","1979","http://link.springer.com/article/10.1007/BF02811732","Article"
"Creep fracture maps for 316 stainless steel","Metallurgical Transactions A","","10","11","10.1007/BF02811696","David A. MillerTerence G. Langdon","1979","http://link.springer.com/article/10.1007/BF02811696","Article"
"An Evaluation of the summation of cyclic plastic strain damage in two high strength aluminum alloys","Metallurgical Transactions A","","10","1","10.1007/BF02686407","D. A. JablonskiR. M. Pelloux","1979","http://link.springer.com/article/10.1007/BF02686407","Article"
"Deformation of sandwich sheet materials in uniaxial tension","Metallurgical Transactions A","","10","1","10.1007/BF02686411","S. L. SemiatinH. R. Piehler","1979","http://link.springer.com/article/10.1007/BF02686411","Article"
"Hydrogen assisted cracking of type 304 stainless steel","Metallurgical Transactions A","","10","2","10.1007/BF02817627","C. L. Briant","1979","http://link.springer.com/article/10.1007/BF02817627","Article"
"The fatigue of pseudoelastic single crystals of α-CuAINi","Metallurgical Transactions A","","10","2","10.1007/BF02817631","L. C. Brown","1979","http://link.springer.com/article/10.1007/BF02817631","Article"
"Relationship between contractile strain ratioR and texture in zirconium alloy tubing","Metallurgical Transactions A","","10","4","10.1007/BF02697076","L. F. P. Van SwamD. B. KnorrR. M. PellouxJ. F. Shewbridge","1979","http://link.springer.com/article/10.1007/BF02697076","Article"
"Elastic interaction energy of two spherical precipitates in an anisotropic matrix","Metallurgical Transactions A","","10","8","10.1007/BF02811659","William C. JohnsonJong K. Lee","1979","http://link.springer.com/article/10.1007/BF02811659","Article"
"Austenitic solidification mode in austenitic stainless steel welds","Metallurgical Transactions A","","10","8","10.1007/BF02811663","T. TakaloN. SuutalaT. Moisio","1979","http://link.springer.com/article/10.1007/BF02811663","Article"
"A note on the anisotropie acoustic emission behavior of HSLA steels","Metallurgical Transactions A","","10","6","10.1007/BF02658399","Kanji OnoM. ShibataM. A. Hamstad","1979","http://link.springer.com/article/10.1007/BF02658399","Article"
"Recrystallization and texture development in dispersion-strengthened nickel-base superalloys","Metallurgical Transactions A","","10","9","10.1007/BF02811985","Claudia J. BurtonSanford BaranowJohn K. Tien","1979","http://link.springer.com/article/10.1007/BF02811985","Article"
"Spinodal decomposition of beta brass","Metallurgical Transactions A","","10","5","10.1007/BF02658327","H. KuboM. Wayman","1979","http://link.springer.com/article/10.1007/BF02658327","Article"
"The mechanism of anneal hardening in dilute copper alloys","Metallurgical Transactions A","","10","12","10.1007/BF02811734","J. M. VitekH. Warlimont","1979","http://link.springer.com/article/10.1007/BF02811734","Article"
"The process of crack initiation and effective grain size for cleavage fracture in pearlitic eutectoid steel","Metallurgical Transactions A","","10","11","10.1007/BF02811698","Y. J. ParkI. M. Bernstein","1979","http://link.springer.com/article/10.1007/BF02811698","Article"
"The oxidation resistance of fine-grained sputter-deposited 304 stainless steel","Metallurgical Transactions A","","10","1","10.1007/BF02686409","M. D. Merz","1979","http://link.springer.com/article/10.1007/BF02686409","Article"
"Crystallization of amorphous Fe- P- C alloys","Metallurgical Transactions A","","10","7","10.1007/BF02658295","Helen L. YehRobert Maddin","1979","http://link.springer.com/article/10.1007/BF02658295","Article"
"Effect of hydrogen on fracture of U-notched bend specimens of spheroidized AISI 1095 steel","Metallurgical Transactions A","","10","2","10.1007/BF02817629","T. D. LeeT. GoldenbergJ. P. Hirth","1979","http://link.springer.com/article/10.1007/BF02817629","Article"
"Fracture toughnesses of metallic glasses","Metallurgical Transactions A","","10","2","10.1007/BF02817633","Lance A. Davis","1979","http://link.springer.com/article/10.1007/BF02817633","Article"
"The influence of post weld heat treatments on the structure, composition and the amount of ferrite in type 316 stainless steel welds","Metallurgical Transactions A","","10","11","10.1007/BF02811701","V. S. RaghunathanV. SeetharamanS. VenkadesanP. Rodriguez","1979","http://link.springer.com/article/10.1007/BF02811701","Article"
"Elimination of precipitate free zones in an Fe−Nb creep-resistant alloy","Metallurgical Transactions A","","10","9","10.1007/BF02811987","John A. WertE. R. ParkerV. F. Zackay","1979","http://link.springer.com/article/10.1007/BF02811987","Article"
"A study of the early stages of tempering in an Fe-1.2 Pct alloy","Metallurgical Transactions A","","10","9","10.1007/BF02811991","D. L. WilliamsonK. NakazawaG. Krauss","1979","http://link.springer.com/article/10.1007/BF02811991","Article"
"On the tensile to shear fracture mode transition in fatigue crack propagation","Metallurgical Transactions A","","10","5","10.1007/BF02658329","G. G. Garrett","1979","http://link.springer.com/article/10.1007/BF02658329","Article"
"Fatigue crack propagation of metastable beta titanium-vanadium alloys","Metallurgical Transactions A","","10","12","10.1007/BF02811736","S. B. ChakraborttyE. A. Starke","1979","http://link.springer.com/article/10.1007/BF02811736","Article"
"A review of positron studies of the annealing of the cold worked state","Metallurgical Transactions A","","10","7","10.1007/BF02658297","J. G. Byrne","1979","http://link.springer.com/article/10.1007/BF02658297","Article"
"Monotectic composite growth","Metallurgical Transactions A","","10","1","10.1007/BF02686415","John W. Cahn","1979","http://link.springer.com/article/10.1007/BF02686415","Article"
"Surface residual stresses, surface topography and the fatigue behavior of Ti-6AI-4V","Metallurgical Transactions A","","10","2","10.1007/BF02817635","G. R. LeverantB. S. LangerA. YuenS. W. Hopkins","1979","http://link.springer.com/article/10.1007/BF02817635","Article"
"Grain growth in lr- 0.3 Pct W alloys","Metallurgical Transactions A","","10","7","10.1007/BF02658300","D. E. HarasynA. C. Schaffhauser","1979","http://link.springer.com/article/10.1007/BF02658300","Article"
"Multiphase diffusion in Fe−Ni−Al system at 1000°C: II. Interdiffusion coefficients for β and γ alloys","Metallurgical Transactions A","","10","10","10.1007/BF02812005","G. H. ChengM. A. Dayananda","1979","http://link.springer.com/article/10.1007/BF02812005","Article"
"Zero-flux planes and flux reversals in Cu−Ni−Zn diffusion couples","Metallurgical Transactions A","","10","9","10.1007/BF02811989","M. A. DayanandaC. W. Kim","1979","http://link.springer.com/article/10.1007/BF02811989","Article"
"The yield stress and saturization magnetization of Ir3Cr","Metallurgical Transactions A","","10","9","10.1007/BF02811993","Daniel R. DimiccoD. P. Pope","1979","http://link.springer.com/article/10.1007/BF02811993","Article"
"Segregation at halfway cracks in continuously cast steel","Metallurgical Transactions A","","10","12","10.1007/BF02811738","F. WeinbergH. OdeliusW. C. Johnson","1979","http://link.springer.com/article/10.1007/BF02811738","Article"
"Initial stages of recrystallization in aluminum of commercial purity","Metallurgical Transactions A","","10","3","10.1007/BF02658335","Bent BayNiels Hansen","1979","http://link.springer.com/article/10.1007/BF02658335","Article"
"The recrystallization of commercially pure and doped tungsten wire drawn to high strain","Metallurgical Transactions A","","10","7","10.1007/BF02658299","David B. Snow","1979","http://link.springer.com/article/10.1007/BF02658299","Article"
"The effect of heat treatment on microstructure and mechanical properties in 52100 steel","Metallurgical Transactions A","","10","11","10.1007/BF02811705","R. J. KarR. M. HornV. F. Zackay","1979","http://link.springer.com/article/10.1007/BF02811705","Article"
"Fatigue behavior and failure mechanisms of modified 7075 aluminum alloys","Metallurgical Transactions A","","10","7","10.1007/BF02658302","J. S. SantnerD. Eylon","1979","http://link.springer.com/article/10.1007/BF02658302","Article"
"Effect of strain rate on stress corrosion cracking in duplex type 304 stainless steel weld metal","Metallurgical Transactions A","","10","10","10.1007/BF02812007","W. A. BaeslackW. F. SavageD. J. Duquette","1979","http://link.springer.com/article/10.1007/BF02812007","Article"
"Mechanical behavior of superplastic ultrahigh carbon steels at elevated temperature","Metallurgical Transactions A","","10","10","10.1007/BF02812011","Bruno WalserOleg D. Sherby","1979","http://link.springer.com/article/10.1007/BF02812011","Article"
"Diffusion in the semi-solid region during dendritic growth","Metallurgical Transactions A","","10","9","10.1007/BF02811995","D. J. AllenJ. D. Hunt","1979","http://link.springer.com/article/10.1007/BF02811995","Article"
"The shear mode of ductile fracture in a spheroidized steel","Metallurgical Transactions A","","10","3","10.1007/BF02658337","I. E. FrenchP. F. Weinrich","1979","http://link.springer.com/article/10.1007/BF02658337","Article"
"Stability of chromium (III) sulfate in atmospheres containing oxygen and sulfur","Metallurgical Transactions A","","10","3","10.1007/BF02658341","K. T. JacobD. Bhogeswara RaoHoward G. Nelson","1979","http://link.springer.com/article/10.1007/BF02658341","Article"
"Discussion of “schematic transformation diagrams for steel”","Metallurgical Transactions A","","10","1","10.1007/BF02686419","A. K. Cavanagh","1979","http://link.springer.com/article/10.1007/BF02686419","Article"
"An estimate of the nucleation time in the martensitic transformation","Metallurgical Transactions A","","10","11","10.1007/BF02811707","Marc A. Meyers","1979","http://link.springer.com/article/10.1007/BF02811707","Article"
"Internal stresses due to dislocation walls around second phase particles","Metallurgical Transactions A","","10","7","10.1007/BF02658304","C. CarryS. DermarkarJ. L. StrudelB. C. Wonsiewicz","1979","http://link.springer.com/article/10.1007/BF02658304","Article"
"The influence of α/β interface phase on tensile properties of Ti-6Al-4V","Metallurgical Transactions A","","10","11","10.1007/BF02811711","C. G. RhodesN. E. Paton","1979","http://link.springer.com/article/10.1007/BF02811711","Article"
"Crack propagation rates of austenitic stainless steels under high-temperature low-cycle fatigue conditions","Metallurgical Transactions A","","10","10","10.1007/BF02812009","Koji YamaguchiKenji Kanazawa","1979","http://link.springer.com/article/10.1007/BF02812009","Article"
"Low cycle fatigue of as-HIP and HIP+forged rené 95","Metallurgical Transactions A","","10","10","10.1007/BF02812013","Shahid BashirPhilippe TaupinStephen D. Antolovich","1979","http://link.springer.com/article/10.1007/BF02812013","Article"
"Faceted fracture in beta annealed titanium alloys","Metallurgical Transactions A","","10","3","10.1007/BF02658339","D. Eylon","1979","http://link.springer.com/article/10.1007/BF02658339","Article"
"An unusual phenomenon in the formation of Li5B4 compound-alloy","Metallurgical Transactions A","","10","3","10.1007/BF02658343","Frederick E. Wang","1979","http://link.springer.com/article/10.1007/BF02658343","Article"
"Boriding with a thermally unstable gas (diborane)","Metallurgical Transactions A","","10","11","10.1007/BF02811709","P. CasadesusC. FrantzM. Gantois","1979","http://link.springer.com/article/10.1007/BF02811709","Article"
"The effect of ordering on the yield stress of martensitic CuZnAI alloys","Metallurgical Transactions A","","10","7","10.1007/BF02658306","K. N. MeltonO. Mercier","1979","http://link.springer.com/article/10.1007/BF02658306","Article"
"The influence of strain path on subsequent mechanical properties—Orthogonal tensile paths","Metallurgical Transactions A","","10","11","10.1007/BF02811713","D. J. LloydH. Sang","1979","http://link.springer.com/article/10.1007/BF02811713","Article"
"Phase transformations in Ti- 3AI- 8V- 6Cr- 4Zr- 4Mo","Metallurgical Transactions A","","10","7","10.1007/BF02658310","Thomas J. HeadleyHenry J. Rack","1979","http://link.springer.com/article/10.1007/BF02658310","Article"
"Effect of oxygen on microstructures of high-rate sputter-deposited Nb3Sn superconductors","Metallurgical Transactions A","","10","10","10.1007/BF02812015","J. L. BrimhallR. Wang","1979","http://link.springer.com/article/10.1007/BF02812015","Article"
"Stability of the beta phase in the Ti−V−Mo−Cr system","Metallurgical Transactions A","","10","12","10.1007/BF02811748","T. KhaledG. H. NarayananS. M. Copley","1979","http://link.springer.com/article/10.1007/BF02811748","Article"
"Kinetics of the phase transformation in a Ti-15Mo-5Zr-3AI alloy as studied by X-ray diffraction","Metallurgical Transactions A","","10","3","10.1007/BF02658345","V. B. RaoC. R. Houska","1979","http://link.springer.com/article/10.1007/BF02658345","Article"
"Annealing behavior of cold-rolled low-carbon phosphorus-containing steels with variations in silicon content","Metallurgical Transactions A","","10","8","10.1007/BF02811644","J. T. MichalakHsun Hu","1979","http://link.springer.com/article/10.1007/BF02811644","Article"
"The effect of steelmaking on the hydrogen attack of carbon steel","Metallurgical Transactions A","","10","7","10.1007/BF02658308","Robert PishkoMarvin McKimpsonPaul G. Shewmon","1979","http://link.springer.com/article/10.1007/BF02658308","Article"
"Fatigue of a dual- phase steel","Metallurgical Transactions A","","10","7","10.1007/BF02658312","A. M. ShermanR. G. Davies","1979","http://link.springer.com/article/10.1007/BF02658312","Article"
"Control of ordered structure and ductility of (Fe, Co, Ni)3V alloys","Metallurgical Transactions A","","10","10","10.1007/BF02812017","C. T. LiuH. Inouye","1979","http://link.springer.com/article/10.1007/BF02812017","Article"
"Early stages of yielding and strain aging of a vanadium-containing dual-phase steel","Metallurgical Transactions A","","10","10","10.1007/BF02812021","R. G. Davies","1979","http://link.springer.com/article/10.1007/BF02812021","Article"
"The role of hydrogen in the ductile fracture of plain carbon steels","Metallurgical Transactions A","","10","3","10.1007/BF02658347","H. CialoneR. J. Asaro","1979","http://link.springer.com/article/10.1007/BF02658347","Article"
"Grain boundary segregation and grain growth inhibition in silicon iron: The effect of boron and nitrogen","Metallurgical Transactions A","","10","8","10.1007/BF02811646","R. Grant Rowe","1979","http://link.springer.com/article/10.1007/BF02811646","Article"
"Measurement of Young’s modulus on small samples of amorphous metals using the impulse induced resonance technique","Metallurgical Transactions A","","10","11","10.1007/BF02811717","S. H. WhangL. T. KabacoffD. E. PolkBill C. Giessen","1979","http://link.springer.com/article/10.1007/BF02811717","Article"
"The structure of NiTiCu shape memory alloys","Metallurgical Transactions A","","10","6","10.1007/BF02658390","R. H. BricknellK. N. MeltonO. Mercier","1979","http://link.springer.com/article/10.1007/BF02658390","Article"
"Gravitational influences on the liquid-state homogenization and solidification of aluminum antimonide","Metallurgical Transactions A","","10","5","10.1007/BF02658314","Choh-Yi AngLewis L. Lacy","1979","http://link.springer.com/article/10.1007/BF02658314","Article"
"The collapse of square section tubes in bending","Metallurgical Transactions A","","10","10","10.1007/BF02812019","P. H. Thornton","1979","http://link.springer.com/article/10.1007/BF02812019","Article"
"Microcrack closure phenomena for AI 2219-T851","Metallurgical Transactions A","","10","1","10.1007/BF02686400","W. L. Morris","1979","http://link.springer.com/article/10.1007/BF02686400","Article"
"Brittle fracture in polycrystalline Ir-0.3 pct W","Metallurgical Transactions A","","10","4","10.1007/BF02697065","D. L. RohrL. E. MurrS. S. Hecker","1979","http://link.springer.com/article/10.1007/BF02697065","Article"
"Characterization of recrystallization and grain growth in Ti-7.4 At. Pct Al (cph) and Ti-15.2 At. Pct Mo (bcc) alloys","Metallurgical Transactions A","","10","8","10.1007/BF02811648","P. GanesanK. OkazakiH. Conrad","1979","http://link.springer.com/article/10.1007/BF02811648","Article"
"Catalytic effect of cobalt on the carburization kinetics of tungsten","Metallurgical Transactions A","","10","8","10.1007/BF02811652","Charles F. DavidsonGuy B. AlexanderMilton E. Wadsworth","1979","http://link.springer.com/article/10.1007/BF02811652","Article"
"Surface segregation in an engineering alloy: Hastelloy C-276","Metallurgical Transactions A","","10","6","10.1007/BF02658388","J. J. BurtonB. J. BerkowitzR. D. Kane","1979","http://link.springer.com/article/10.1007/BF02658388","Article"
"Structural response to shape variations in the AI-AI3Ni eutectic composite","Metallurgical Transactions A","","10","6","10.1007/BF02658392","Nahed A. El-mahallawyMahmoud M. Farag","1979","http://link.springer.com/article/10.1007/BF02658392","Article"
"The effect of microstructure on fatigue crack propagation in iron-carbon alloys","Metallurgical Transactions A","","10","5","10.1007/BF02658316","C. R. AitaJ. Weertman","1979","http://link.springer.com/article/10.1007/BF02658316","Article"
"Structure and initial precipitation in a rapidly solidified nickel superalloy","Metallurgical Transactions A","","10","5","10.1007/BF02658320","J. V. WoodP. F. MillsJ. K. BinghamJ. V. Bee","1979","http://link.springer.com/article/10.1007/BF02658320","Article"
"Elevated temperature flow strength, creep resistance and diffusion welding characteristics of Ti-6Al-2Nb-1Ta-0.8Mo","Metallurgical Transactions A","","10","11","10.1007/BF02811691","J. Daniel WhittenbergerThomas J. Moore","1979","http://link.springer.com/article/10.1007/BF02811691","Article"
"Heterogeneous nuclei and graphite chemistry in flake and nodular cast irons","Metallurgical Transactions A","","10","1","10.1007/BF02686402","Benjamin Francis","1979","http://link.springer.com/article/10.1007/BF02686402","Article"
"The contribution of machine-induced residual stress to the pitting susceptibility of an Iron-1 Wt Pct nickel binary alloy","Metallurgical Transactions A","","10","4","10.1007/BF02697067","Peter DoigP. E. J. Flewitt","1979","http://link.springer.com/article/10.1007/BF02697067","Article"
"Effect of hydrogen on fracture of U-notched bend specimens of quenched and tempered AISI 4340 steel","Metallurgical Transactions A","","10","4","10.1007/BF02697071","T. D. LeeT. GoldenbergJ. P. Hirth","1979","http://link.springer.com/article/10.1007/BF02697071","Article"
"The influence of microstructure on fracture of drawn tungsten wire","Metallurgical Transactions A","","10","8","10.1007/BF02811654","A. W. FunkenbuschF. BaconD. Lee","1979","http://link.springer.com/article/10.1007/BF02811654","Article"
"The crystallography of the austenite-ferrite/carbide transformation in Fe−Cr−C alloys","Metallurgical Transactions A","","10","9","10.1007/BF02811976","P. R. HowellJ. V. BeeR. W. K. Honeycombe","1979","http://link.springer.com/article/10.1007/BF02811976","Article"
"Ductile fracture topography: Geometrical contributions and effects of hydrogen","Metallurgical Transactions A","","10","6","10.1007/BF02658394","Anthony W. Thompson","1979","http://link.springer.com/article/10.1007/BF02658394","Article"
"The role of C and N in the brittle fracture of Fe-26 Cr","Metallurgical Transactions A","","10","9","10.1007/BF02811980","John F. GrubbRoger N. Wright","1979","http://link.springer.com/article/10.1007/BF02811980","Article"
"High temperature deformation of oxidized β-Zr-Mo alloys","Metallurgical Transactions A","","10","5","10.1007/BF02658318","B. HeritierJ. J. Jonas","1979","http://link.springer.com/article/10.1007/BF02658318","Article"
"The changing scene in steel","Metallurgical Transactions A","","10","12","10.1007/BF02811725","H. W. Paxton","1979","http://link.springer.com/article/10.1007/BF02811725","Article"
"Solid-State displacement reactions between selected metals and sulfides","Metallurgical Transactions A","","10","5","10.1007/BF02658322","S. R. ShatynskiJ. P. HirthR. A. Rapp","1979","http://link.springer.com/article/10.1007/BF02658322","Article"
"Thermodynamic study of the β-cote phase by galvanic cell measurements","Metallurgical Transactions A","","10","11","10.1007/BF02811689","G. ChattopadhyayM. D. KarkhanavalaM. S. Chandrasekharaiah","1979","http://link.springer.com/article/10.1007/BF02811689","Article"
"The effects of devitrification on the mechanical properties of Cu46Zr54 metallic glass","Metallurgical Transactions A","","10","11","10.1007/BF02811693","Robert L. FreedJohn B. Vander Sande","1979","http://link.springer.com/article/10.1007/BF02811693","Article"
"Strain and strain-rate hardening effects in punch stretching of 5182-0 aluminum at elevated temperatures","Metallurgical Transactions A","","10","1","10.1007/BF02686404","Robert A. AyresMichael L. Wenner","1979","http://link.springer.com/article/10.1007/BF02686404","Article"
"Metallurgical problems and opportunities in coal-fired steam power plants","Metallurgical Transactions A","","10","2","10.1007/BF02817624","R. I. Jaffee","1979","http://link.springer.com/article/10.1007/BF02817624","Article"
"Homogenization of Ti-Hastelloy-N","Metallurgical Transactions A","","10","4","10.1007/BF02697069","D. N. BraskiJ. M. Leitnaker","1979","http://link.springer.com/article/10.1007/BF02697069","Article"
"Elevated temperature plastic anisotropy of Ti-6AI-4V plate","Metallurgical Transactions A","","10","4","10.1007/BF02697073","E. H. RennhackD. D. Crooks","1979","http://link.springer.com/article/10.1007/BF02697073","Article"
"Forming limits of sandwich sheet materials","Metallurgical Transactions A","","10","8","10.1007/BF02811656","S. L. SemiatinH. R. Piehler","1979","http://link.springer.com/article/10.1007/BF02811656","Article"
"Tempered martensite embrittlement in a high purity steel","Metallurgical Transactions A","","10","8","10.1007/BF02811660","C. L. BriantS. K. Banerji","1979","http://link.springer.com/article/10.1007/BF02811660","Article"
"Metallurgical and Materials Transactions A","Metallurgical and Materials Transactions A","","6 / 1975 - 54 / 2023","","","","","http://link.springer.com/journal/11661","Journal"